offer_url,offer_title,offer_meta_description,offer_content,offer_image,offer_coupon_code,merchant_url
https://athek.sa/coupon/pik/13211,كود خصم بي آي كي 5% cashback PIK,,,https://athek.sa/wp-content/uploads/2025/02/PIK.png,ATHEK,https://pik.sa/en
https://athek.sa/coupon/nabataty/13208,كود خصم نباتي 5% Nabataty,,,https://athek.sa/wp-content/uploads/2025/02/Nabataty.png,ATHEK,https://nabataty.com/store/
https://athek.sa/coupon/aldakheeloud/13205,كود خصم الدخيل عود 5% AlDakheel Oud,,,https://athek.sa/wp-content/uploads/2025/02/AlDakheel-Oud.png,ATHEK,https://www.aldakheeloud.com/en
https://athek.sa/coupon/naseem/13203,كود خصم نسيم 13% Naseem,,,https://athek.sa/wp-content/uploads/2025/02/500x500-dummy-image.jpg,ATHEK,https://www.naseemperfume.com/
https://athek.sa/coupon/mothercare/13200,كود خصم ماذركير 10% Mothercare,,,https://athek.sa/wp-content/uploads/2025/02/Mothercare.png,ATHEK,https://www.mothercare.com.sa/en/
https://athek.sa/coupon/sunandsand/13197,كود خصم صن آند ساند 10% Sun & Sand,,,https://athek.sa/wp-content/uploads/2025/02/Sunsand.png,ATHEK,https://en-sa.sssports.com/
https://athek.sa/coupon/perfumeco/13194,كود خصم بارفوم كو 10% Perfume Co,,,https://athek.sa/wp-content/uploads/2025/02/Perfume-co.png,ADM33,https://perfumeco.shop/
https://athek.sa/coupon/nba/13191,احصل على خصم 10% على جميع المنتجات في NBA.,,,https://athek.sa/wp-content/uploads/2025/02/NBA.png,P25,https://ksa.nbastoreme.com/en
https://athek.sa/coupon/jeeny/13188,كود خصم جيني 40% Jeeny,,,https://athek.sa/wp-content/uploads/2025/02/Jeeny.png,K147,https://www.jeeny.me/en/
https://athek.sa/coupon/izilbeauty/13185,كود خصم إيزيل بيوتي 10% Izil Beauty,,,https://athek.sa/wp-content/uploads/2025/02/Izil-beauty.png,P44,https://izilbeauty.com/en/home/
https://athek.sa/coupon/swarovski/13182,كود خصم سواروفسكي 5% Swarovski,,,https://athek.sa/wp-content/uploads/2025/02/Sworvski.png,CX137,https://www.swarovski.sa/
https://athek.sa/coupon/footlocker/13179,كود خصم فوت لوكر 10% Foot Locker,,,https://athek.sa/wp-content/uploads/2025/02/Foot-locker.png,PFO7H,https://www.footlocker.com.sa/en/
https://athek.sa/coupon/newbalance/13176,كود خصم نيو بالانس 10% New Balance,,,https://athek.sa/wp-content/uploads/2025/02/New-balance.png,PFV8K,https://www.newbalance.com.sa/en/
https://athek.sa/coupon/bathnbody/13173,كود خصم باث آند بودي 5% Bath & Body,,,https://athek.sa/wp-content/uploads/2025/02/Bathbody.png,PFMA,https://www.bathandbodyworks.com.sa/en/
https://athek.sa/coupon/americaneagle/13170,كود خصم أمريكان إيجل 8% American Eagle,,,https://athek.sa/wp-content/uploads/2025/02/American-eagle.png,PFZVB,https://www.americaneagle.com.sa/en/
https://athek.sa/coupon/hm/13167,كود خصم إتش آند إم 5% H&M,,,https://athek.sa/wp-content/uploads/2025/02/HM.png,PFX36,https://sa.hm.com/en/
https://athek.sa/coupon/brandedperfume/13164,كود خصم براندد برفوم 7% Branded Perfume,,,https://athek.sa/wp-content/uploads/2025/02/500x500-dummy-image.jpg,SHOP52,https://brandedperfume.com/
https://athek.sa/coupon/frenchfragrance/13161,كود خصم فرنش فراجنس 7% French Fragrance,,,https://athek.sa/wp-content/uploads/2025/02/French-fragrance.png,FF44,https://frenchfragrance.com/
https://athek.sa/coupon/magraby/13158,كود خصم مغربي 10% Magrabi,,,https://athek.sa/wp-content/uploads/2025/02/Magrabi.png,PF69,https://www.magrabi.com/sa-en/
https://athek.sa/coupon/munchbakery/13155,كود خصم مانش باكري 10% Munch Bakery,,,https://athek.sa/wp-content/uploads/2025/02/Munch-Bakery-1.png,PM84,https://www.munchbakery.com/
https://athek.sa/coupon/eyewa/13152,كود خصم آيوا 10% to 15% Eyewa,,,https://athek.sa/wp-content/uploads/2025/02/Eyewa.png,A78,https://eyewa.com/sa-en
https://athek.sa/coupon/metrobrazil/13144,كود خصم مترو البرازيل 10% Metro Brazil,,,https://athek.sa/wp-content/uploads/2025/02/Metro-Brazil.png,XRESAL3EC9,https://metrobrazil.com/ar/
https://athek.sa/coupon/stylishop/13144,كود خصم ستايلي 25% Styli,,,https://athek.sa/wp-content/uploads/2025/02/Styli.png,GG4,https://stylishop.com/sa/en/
https://athek.sa/coupon/resal/13141,كود خصم رسال 10 SAR cashback Resal,,,https://athek.sa/wp-content/uploads/2025/02/Resal-1.png,XRESAL3EC9,https://resal.me/en/
https://athek.sa/coupon/basharacare/13137,كود خصم بشارة كير 5% Basharacare,,,https://athek.sa/wp-content/uploads/2025/02/Basharacare.png,PL42,https://www.basharacare.com/en_sa
https://athek.sa/coupon/brandsforless/13134,كود خصم براندز فور ليس 10% Brands for Less,,,https://athek.sa/wp-content/uploads/2025/02/Brands-for-less.png,PT72,https://www.brandsforless.com/en-sa/
https://athek.sa/coupon/noonminutes/13131,كود خصم نون دقائق 10% NOON MINUTES,,,https://athek.sa/wp-content/uploads/2025/02/NOON-MINUTES-1.png,AX88,https://minutes.noon.com/saudi-ar/
https://athek.sa/coupon/airalo/13128,كود خصم إيرالو 10% AIRALO,,,https://athek.sa/wp-content/uploads/2025/02/AIRALO-1.png,AX73,https://www.airalo.com/saudi-arabia-esim
https://athek.sa/coupon/squatwolf/13125,كود خصم سكوات وولف 10% SQUATWOLF,,,https://athek.sa/wp-content/uploads/2025/02/SQUATWOLF.png,AD11,https://sa.squatwolf.com/
https://athek.sa/coupon/tamkeen/13122,كود خصم تمكين 5% off Tamkeen,,,https://athek.sa/wp-content/uploads/2025/02/Tamkeen-1.png,AD38,https://tamkeenstores.com.sa/en
https://athek.sa/coupon/cartlow/13119,كود خصم كارتلو 15% off Cartlow,,,https://athek.sa/wp-content/uploads/2025/02/Cartlow-1.png,C16,https://www.cartlow.com/saudi/en
https://athek.sa/coupon/ubuy/13112,كود خصم يوباي 5% sitewide Ubuy,,,https://athek.sa/wp-content/uploads/2025/02/Ubuy.png,ADM54,https://www.ubuy.com.sa/en/
https://athek.sa/coupon/gosport/13109,كود خصم جو سبورت 10% off Sitewide,,,https://athek.sa/wp-content/uploads/2025/02/Go-Sport.png,ATHEK,https://ksa.gosportme.com/
https://athek.sa/coupon/patpat/13106,كود خصم بات بات Up to 15% off sitewide,,,https://athek.sa/wp-content/uploads/2025/02/PATPAT.png,ATHEK,https://www.patpat.com/
https://athek.sa/coupon/theentertainer/13103,كود خصم ذا إنترتينر Extra 10% Off on Dubai 2025,,,https://athek.sa/wp-content/uploads/2025/02/The-Entertainer-1.png,ATHEK,https://www.theentertainerme.com/en-sa/
https://athek.sa/coupon/gap/13100,كود خصم غاب 10% GAP,,,https://athek.sa/wp-content/uploads/2025/02/GAP.png,ATHEK,en.gap.sa
https://athek.sa/coupon/mamasandpapas/13094,كود خصم ماما وبابا 10% Mamas & Papas,,,https://athek.sa/wp-content/uploads/2025/02/MAMAS-PAPAS-1.png,ATHEK,https://en.mamasandpapas.com.sa/
https://athek.sa/coupon/mumzworld/13094,كود خصم مومز وورلد 10% Mumzworld,,,https://athek.sa/wp-content/uploads/2025/02/MUMZWORLD.png,ATHEK,https://www.mumzworld.com/sa-en
https://athek.sa/coupon/bloomingdale/13091,كود خصم بلومينغديلز 10% Bloomingdale’s,,,https://athek.sa/wp-content/uploads/2025/02/BLOOMINGDALES.png,ATHEK,https://en.bloomingdales.sa/
https://athek.sa/coupon/namshi/13087,كود خصم نمشي 5%-20% Namshi,,,https://athek.sa/wp-content/uploads/2025/02/NAMSHI.png,ATHEK,https://www.namshi.com/home/
https://athek.sa/coupon/sivvi/13081,كود خصم سيفي 5%-20% Sivvi,,,https://athek.sa/wp-content/uploads/2025/02/SIVVI.png,ATHEK,https://www.sivvi.com/saudi-ar/
https://athek.sa/coupon/noon/13051,كود خصم نون السعودية 5 – 10% Noon GCC,,,https://athek.sa/wp-content/uploads/2025/02/NOON-GCC.png,ATHEK,https://www.noon.com/saudi-ar/noon/